<?xml version="1.0" encoding="UTF-8"?>
<export version="E">
  <design>
    <source>C:\Users\majin\Dropbox\RabidKeyboard\usb_costar\RabidUsb_costar.kicad_sch</source>
    <date>7/26/2022 21:11:23</date>
    <tool>Eeschema (6.0.6)</tool>
    <textvar name="COMPANY">Sean D. Cline</textvar>
    <textvar name="REVISION">V1.0</textvar>
    <textvar name="TITLE">RabidUsb_costar</textvar>
    <textvar name="URL">https://sdcline.com/RabidKeyboard/</textvar>
    <sheet number="1" name="/" tstamps="/">
      <title_block>
        <title/>
        <company/>
        <rev/>
        <date/>
        <source>RabidUsb_costar.kicad_sch</source>
        <comment number="1" value=""/>
        <comment number="2" value=""/>
        <comment number="3" value=""/>
        <comment number="4" value=""/>
        <comment number="5" value=""/>
        <comment number="6" value=""/>
        <comment number="7" value=""/>
        <comment number="8" value=""/>
        <comment number="9" value=""/>
      </title_block>
    </sheet>
  </design>
  <components>
    <comp ref="C1">
      <value>100nF</value>
      <footprint>Capacitor_SMD:C_0603_1608Metric</footprint>
      <fields>
        <field name="LCSC">C14663</field>
      </fields>
      <libsource lib="Device" part="C" description="Unpolarized capacitor"/>
      <property name="LCSC" value="C14663"/>
      <property name="Sheetname" value=""/>
      <property name="Sheetfile" value="RabidUsb_costar.kicad_sch"/>
      <sheetpath names="/" tstamps="/"/>
      <tstamps>60aaa4fa-e98c-4ac8-9d1b-46ccb8ea1825</tstamps>
    </comp>
    <comp ref="D1">
      <value>D_Schottky</value>
      <footprint>Diode_SMD:D_SOD-123</footprint>
      <fields>
        <field name="LCSC">C8598</field>
      </fields>
      <libsource lib="Device" part="D_Schottky" description="Schottky diode"/>
      <property name="LCSC" value="C8598"/>
      <property name="Sheetname" value=""/>
      <property name="Sheetfile" value="RabidUsb_costar.kicad_sch"/>
      <sheetpath names="/" tstamps="/"/>
      <tstamps>bfb4b95a-8b1d-4931-96c4-2e7c3d6bdd68</tstamps>
    </comp>
    <comp ref="F1">
      <value>500mA</value>
      <footprint>Fuse:Fuse_1812_4532Metric</footprint>
      <fields>
        <field name="LCSC">C12559</field>
      </fields>
      <libsource lib="Device" part="Polyfuse" description="Resettable fuse, polymeric positive temperature coefficient"/>
      <property name="LCSC" value="C12559"/>
      <property name="Sheetname" value=""/>
      <property name="Sheetfile" value="RabidUsb_costar.kicad_sch"/>
      <sheetpath names="/" tstamps="/"/>
      <tstamps>ab79bd2c-0604-4708-83d8-8313bcd1dc38</tstamps>
    </comp>
    <comp ref="J1">
      <value>USB_C_Receptacle_USB2.0</value>
      <footprint>Connector_USB:USB_C_Receptacle_XKB_U262-16XN-4BVC11</footprint>
      <datasheet>https://www.usb.org/sites/default/files/documents/usb_type-c.zip</datasheet>
      <fields>
        <field name="LCSC">C319148</field>
      </fields>
      <libsource lib="Connector" part="USB_C_Receptacle_USB2.0" description="USB 2.0-only Type-C Receptacle connector"/>
      <property name="LCSC" value="C319148"/>
      <property name="Sheetname" value=""/>
      <property name="Sheetfile" value="RabidUsb_costar.kicad_sch"/>
      <sheetpath names="/" tstamps="/"/>
      <tstamps>237af483-bd45-4a4d-843f-5a98c26ccf93</tstamps>
    </comp>
    <comp ref="R1">
      <value>5.1K</value>
      <footprint>Resistor_SMD:R_0603_1608Metric</footprint>
      <fields>
        <field name="LCSC">C23186</field>
      </fields>
      <libsource lib="Device" part="R_Small" description="Resistor, small symbol"/>
      <property name="LCSC" value="C23186"/>
      <property name="Sheetname" value=""/>
      <property name="Sheetfile" value="RabidUsb_costar.kicad_sch"/>
      <sheetpath names="/" tstamps="/"/>
      <tstamps>6402d117-4099-4f7a-96cd-cc834ee226c2</tstamps>
    </comp>
    <comp ref="R2">
      <value>5.1K</value>
      <footprint>Resistor_SMD:R_0603_1608Metric</footprint>
      <fields>
        <field name="LCSC">C23186</field>
      </fields>
      <libsource lib="Device" part="R_Small" description="Resistor, small symbol"/>
      <property name="LCSC" value="C23186"/>
      <property name="Sheetname" value=""/>
      <property name="Sheetfile" value="RabidUsb_costar.kicad_sch"/>
      <sheetpath names="/" tstamps="/"/>
      <tstamps>c3babc4e-5e2f-44e6-a22e-d7532839ff1c</tstamps>
    </comp>
    <comp ref="U1">
      <value>SRV05-4</value>
      <footprint>Package_TO_SOT_SMD:SOT-23-6</footprint>
      <datasheet>http://www.onsemi.com/pub/Collateral/SRV05-4-D.PDF</datasheet>
      <fields>
        <field name="LCSC">C85364</field>
      </fields>
      <libsource lib="Power_Protection" part="SRV05-4" description="ESD Protection Diodes with Low Clamping Voltage, SOT-23-6"/>
      <property name="LCSC" value="C85364"/>
      <property name="Sheetname" value=""/>
      <property name="Sheetfile" value="RabidUsb_costar.kicad_sch"/>
      <sheetpath names="/" tstamps="/"/>
      <tstamps>c88e0f08-b7af-4422-9fb0-3f68d1542508</tstamps>
    </comp>
  </components>
  <libparts>
    <libpart lib="Connector" part="USB_C_Receptacle_USB2.0">
      <description>USB 2.0-only Type-C Receptacle connector</description>
      <docs>https://www.usb.org/sites/default/files/documents/usb_type-c.zip</docs>
      <footprints>
        <fp>USB*C*Receptacle*</fp>
      </footprints>
      <fields>
        <field name="Reference">J</field>
        <field name="Value">USB_C_Receptacle_USB2.0</field>
        <field name="Datasheet">https://www.usb.org/sites/default/files/documents/usb_type-c.zip</field>
      </fields>
      <pins>
        <pin num="A1" name="GND" type="passive"/>
        <pin num="A4" name="VBUS" type="passive"/>
        <pin num="A5" name="CC1" type="bidirectional"/>
        <pin num="A6" name="D+" type="bidirectional"/>
        <pin num="A7" name="D-" type="bidirectional"/>
        <pin num="A8" name="SBU1" type="bidirectional"/>
        <pin num="A9" name="VBUS" type="passive"/>
        <pin num="A12" name="GND" type="passive"/>
        <pin num="B1" name="GND" type="passive"/>
        <pin num="B4" name="VBUS" type="passive"/>
        <pin num="B5" name="CC2" type="bidirectional"/>
        <pin num="B6" name="D+" type="bidirectional"/>
        <pin num="B7" name="D-" type="bidirectional"/>
        <pin num="B8" name="SBU2" type="bidirectional"/>
        <pin num="B9" name="VBUS" type="passive"/>
        <pin num="B12" name="GND" type="passive"/>
        <pin num="S1" name="SHIELD" type="passive"/>
      </pins>
    </libpart>
    <libpart lib="Connector_Generic" part="Conn_01x04">
      <description>Generic connector, single row, 01x04, script generated (kicad-library-utils/schlib/autogen/connector/)</description>
      <docs>~</docs>
      <footprints>
        <fp>Connector*:*_1x??_*</fp>
      </footprints>
      <fields>
        <field name="Reference">J</field>
        <field name="Value">Conn_01x04</field>
        <field name="Datasheet">~</field>
      </fields>
      <pins>
        <pin num="1" name="Pin_1" type="passive"/>
        <pin num="2" name="Pin_2" type="passive"/>
        <pin num="3" name="Pin_3" type="passive"/>
        <pin num="4" name="Pin_4" type="passive"/>
      </pins>
    </libpart>
    <libpart lib="Device" part="C">
      <description>Unpolarized capacitor</description>
      <docs>~</docs>
      <footprints>
        <fp>C_*</fp>
      </footprints>
      <fields>
        <field name="Reference">C</field>
        <field name="Value">C</field>
        <field name="Datasheet">~</field>
      </fields>
      <pins>
        <pin num="1" name="" type="passive"/>
        <pin num="2" name="" type="passive"/>
      </pins>
    </libpart>
    <libpart lib="Device" part="D_Schottky">
      <description>Schottky diode</description>
      <docs>~</docs>
      <footprints>
        <fp>TO-???*</fp>
        <fp>*_Diode_*</fp>
        <fp>*SingleDiode*</fp>
        <fp>D_*</fp>
      </footprints>
      <fields>
        <field name="Reference">D</field>
        <field name="Value">D_Schottky</field>
        <field name="Datasheet">~</field>
      </fields>
      <pins>
        <pin num="1" name="K" type="passive"/>
        <pin num="2" name="A" type="passive"/>
      </pins>
    </libpart>
    <libpart lib="Device" part="Polyfuse">
      <description>Resettable fuse, polymeric positive temperature coefficient</description>
      <docs>~</docs>
      <footprints>
        <fp>*polyfuse*</fp>
        <fp>*PTC*</fp>
      </footprints>
      <fields>
        <field name="Reference">F</field>
        <field name="Value">Polyfuse</field>
        <field name="Datasheet">~</field>
      </fields>
      <pins>
        <pin num="1" name="" type="passive"/>
        <pin num="2" name="" type="passive"/>
      </pins>
    </libpart>
    <libpart lib="Device" part="R_Small">
      <description>Resistor, small symbol</description>
      <docs>~</docs>
      <footprints>
        <fp>R_*</fp>
      </footprints>
      <fields>
        <field name="Reference">R</field>
        <field name="Value">R_Small</field>
        <field name="Datasheet">~</field>
      </fields>
      <pins>
        <pin num="1" name="" type="passive"/>
        <pin num="2" name="" type="passive"/>
      </pins>
    </libpart>
    <libpart lib="Mechanical" part="Fiducial">
      <description>Fiducial Marker</description>
      <docs>~</docs>
      <footprints>
        <fp>Fiducial*</fp>
      </footprints>
      <fields>
        <field name="Reference">FID</field>
        <field name="Value">Fiducial</field>
        <field name="Datasheet">~</field>
      </fields>
    </libpart>
    <libpart lib="Mechanical" part="MountingHole">
      <description>Mounting Hole without connection</description>
      <docs>~</docs>
      <footprints>
        <fp>MountingHole*</fp>
      </footprints>
      <fields>
        <field name="Reference">H</field>
        <field name="Value">MountingHole</field>
        <field name="Datasheet">~</field>
      </fields>
    </libpart>
    <libpart lib="Mechanical" part="MountingHole_Pad">
      <description>Mounting Hole with connection</description>
      <docs>~</docs>
      <footprints>
        <fp>MountingHole*Pad*</fp>
      </footprints>
      <fields>
        <field name="Reference">H</field>
        <field name="Value">MountingHole_Pad</field>
        <field name="Datasheet">~</field>
      </fields>
      <pins>
        <pin num="1" name="1" type="input"/>
      </pins>
    </libpart>
    <libpart lib="Power_Protection" part="SRV05-4">
      <description>ESD Protection Diodes with Low Clamping Voltage, SOT-23-6</description>
      <docs>http://www.onsemi.com/pub/Collateral/SRV05-4-D.PDF</docs>
      <footprints>
        <fp>SOT?23*</fp>
      </footprints>
      <fields>
        <field name="Reference">U</field>
        <field name="Value">SRV05-4</field>
        <field name="Footprint">Package_TO_SOT_SMD:SOT-23-6</field>
        <field name="Datasheet">http://www.onsemi.com/pub/Collateral/SRV05-4-D.PDF</field>
      </fields>
      <pins>
        <pin num="1" name="IO1" type="passive"/>
        <pin num="2" name="VN" type="passive"/>
        <pin num="3" name="IO2" type="passive"/>
        <pin num="4" name="IO3" type="passive"/>
        <pin num="5" name="VP" type="passive"/>
        <pin num="6" name="IO4" type="passive"/>
      </pins>
    </libpart>
  </libparts>
  <libraries>
    <library logical="Connector">
      <uri>C:\Program Files (x86)\KiCad\6.0\share\kicad\symbols\/Connector.kicad_sym</uri>
    </library>
    <library logical="Connector_Generic">
      <uri>C:\Program Files (x86)\KiCad\6.0\share\kicad\symbols\/Connector_Generic.kicad_sym</uri>
    </library>
    <library logical="Device">
      <uri>C:\Program Files (x86)\KiCad\6.0\share\kicad\symbols\/Device.kicad_sym</uri>
    </library>
    <library logical="Mechanical">
      <uri>C:\Program Files (x86)\KiCad\6.0\share\kicad\symbols\/Mechanical.kicad_sym</uri>
    </library>
    <library logical="Power_Protection">
      <uri>C:\Program Files (x86)\KiCad\6.0\share\kicad\symbols\/Power_Protection.kicad_sym</uri>
    </library>
  </libraries>
  <nets>
    <net code="1" name="/USB_D+">
      <node ref="J1" pin="A6" pinfunction="D+" pintype="bidirectional"/>
      <node ref="J1" pin="B6" pinfunction="D+" pintype="bidirectional"/>
      <node ref="U1" pin="1" pinfunction="IO1" pintype="passive"/>
    </net>
    <net code="2" name="/USB_D-">
      <node ref="J1" pin="A7" pinfunction="D-" pintype="bidirectional"/>
      <node ref="J1" pin="B7" pinfunction="D-" pintype="bidirectional"/>
      <node ref="U1" pin="6" pinfunction="IO4" pintype="passive"/>
    </net>
    <net code="3" name="GND">
      <node ref="C1" pin="2" pintype="passive"/>
      <node ref="J1" pin="A1" pinfunction="GND" pintype="passive"/>
      <node ref="J1" pin="A12" pinfunction="GND" pintype="passive"/>
      <node ref="J1" pin="B1" pinfunction="GND" pintype="passive"/>
      <node ref="J1" pin="B12" pinfunction="GND" pintype="passive"/>
      <node ref="J1" pin="S1" pinfunction="SHIELD" pintype="passive"/>
      <node ref="R1" pin="2" pintype="passive"/>
      <node ref="R2" pin="2" pintype="passive"/>
      <node ref="U1" pin="2" pinfunction="VN" pintype="passive"/>
    </net>
    <net code="4" name="Net-(D1-Pad2)">
      <node ref="D1" pin="2" pinfunction="A" pintype="passive"/>
      <node ref="F1" pin="2" pintype="passive"/>
    </net>
    <net code="5" name="Net-(J1-PadA5)">
      <node ref="J1" pin="A5" pinfunction="CC1" pintype="bidirectional"/>
      <node ref="R1" pin="1" pintype="passive"/>
    </net>
    <net code="6" name="Net-(J1-PadB5)">
      <node ref="J1" pin="B5" pinfunction="CC2" pintype="bidirectional"/>
      <node ref="R2" pin="1" pintype="passive"/>
    </net>
    <net code="7" name="VBUS">
      <node ref="F1" pin="1" pintype="passive"/>
      <node ref="J1" pin="A4" pinfunction="VBUS" pintype="passive"/>
      <node ref="J1" pin="A9" pinfunction="VBUS" pintype="passive"/>
      <node ref="J1" pin="B4" pinfunction="VBUS" pintype="passive"/>
      <node ref="J1" pin="B9" pinfunction="VBUS" pintype="passive"/>
    </net>
    <net code="8" name="VCC">
      <node ref="C1" pin="1" pintype="passive"/>
      <node ref="D1" pin="1" pinfunction="K" pintype="passive"/>
      <node ref="U1" pin="5" pinfunction="VP" pintype="passive"/>
    </net>
    <net code="9" name="unconnected-(J1-PadA8)">
      <node ref="J1" pin="A8" pinfunction="SBU1" pintype="bidirectional+no_connect"/>
    </net>
    <net code="10" name="unconnected-(J1-PadB8)">
      <node ref="J1" pin="B8" pinfunction="SBU2" pintype="bidirectional+no_connect"/>
    </net>
    <net code="11" name="unconnected-(U1-Pad3)">
      <node ref="U1" pin="3" pinfunction="IO2" pintype="passive+no_connect"/>
    </net>
    <net code="12" name="unconnected-(U1-Pad4)">
      <node ref="U1" pin="4" pinfunction="IO3" pintype="passive+no_connect"/>
    </net>
  </nets>
</export>
