Designator,Val,Package,Mid X,Mid Y,Rotation,Layer
"C1","100nF","C_0603_1608Metric",129.750000,-65.886396,-90.000000,top
"D1","D_Schottky","D_SOD-123",134.400000,-65.150000,0.000000,top
"F1","500mA","Fuse_1812_4532Metric",138.750000,-61.750000,-90.000000,top
"FID1","Fiducial","Fiducial_1mm_Mask2mm",118.625000,-53.950000,0.000000,top
"FID2","Fiducial","Fiducial_1mm_Mask2mm",153.525000,-61.300000,0.000000,top
"J1","USB_C_Receptacle_USB2.0","USB_C_Receptacle_XKB_U262-16XN-4BVC11",133.000000,-53.850000,180.000000,top
"R1","5.1K","R_0603_1608Metric",134.325000,-61.100000,-90.000000,top
"R2","5.1K","R_0603_1608Metric",126.175000,-56.700000,90.000000,top
"U1","SRV05-4","SOT-23-6",129.700000,-62.161396,-90.000000,top
